{
  "project_info": {
    "project_number": "740710446824",
    "project_id": "lista-telefonica-1",
    "storage_bucket": "lista-telefonica-1.firebasestorage.app"
  },
  "client": [
    {
      "client_info": {
        "mobilesdk_app_id": "1:740710446824:android:1269c3790e7c05ed393b5d",
        "android_client_info": {
          "package_name": "com.example.listatelefonica1"
        }
      },
      "oauth_client": [],
      "api_key": [
        {
          "current_key": "AIzaSyCrazLCCT1uQBhmC430UDQAvutckB4d7mk"
        }
      ],
      "services": {
        "appinvite_service": {
          "other_platform_oauth_client": []
        }
      }
    }
  ],
  "configuration_version": "1"
}